names,links_no_utm
Ethereum name-service,https://ens.domains/de/
Bored Ape Yacht Club,https://boredapeyachtclub.com/#/
Moonbirds,https://www.moonbirds.xyz/
Otherdeed for Otherside,https://otherside.xyz/
CLONE X - X TAKASHI MURAKAMI,https://www.rtfkt.com/
Art Blocks,https://www.artblocks.io/
Doodles,https://doodles.app/
CryptoPunks,https://www.larvalabs.com/cryptopunks
Azuki,https://www.azuki.com/
Autoglyphs,https://www.larvalabs.com/autoglyphs
Axie Infinity,https://axieinfinity.com/
Goblintownnft,https://goblintown.wtf/
MOBOX: NFT Farmer,https://www.mobox.io/
IO: Imaginary Ones,https://imaginaryones.com/
Zipcy's SuperNormal,https://zipcy.io/
Emblem.Finance,https://circuitsofvalue.com/
Bored Ape Kennel Club,https://boredapeyachtclub.com/#/kennel-club
My Pet Hooligan,https://mypethooligan.com/
The Sandbox Marketplace,https://www.sandbox.game/en/shop/
MetaHero Universe: Generative Identities,https://punkscomic.com/
PUNKS Comic,https://punkscomic.com/
Murakami flowers-official,https://murakamiflowers.kaikaikiki.com/
Fluf world,https://www.fluf.world/
Mcgoblin wtf,https://goblintown.wtf/mcgoblin/
Meebits,https://meebits.app/
Bobo degen-apocalypse,https://www.bobodegenapocalypse.com/
Rektguy,https://www.osf.art/rektguy
Admit one,https://g.money/
Chimpers,https://www.chimpers.xyz/
adidas Originals Into the Metaverse,https://www.adidas.com/into_the_metaverse
Rtfkt x-nike-monolith,https://mnlth.rtfkt.com/
Curio cards,https://curio.cards/
Damien Hirst - The Currency,https://currency.nft.heni.com/
SNEAKER HEADS Official,https://www.sneakerheads.xyz/
Quirkies originals,https://quirkies.io/
Cool cats,https://www.coolcatsnft.com/
SuperRare,https://superrare.com/
Parallel Alpha,https://parallel.life/
Pudgy penguins,https://pudgypenguins.com/
CrypToadz by GREMPLIN,https://www.cryptoadz.io/
World of Women Galaxy,https://worldofwomen.art/wow-galaxy
RTFKT SKIN VIAL: EVO X,https://mnlth.rtfkt.com/
Ethlizards,https://www.ethlizards.io/
Invisible friends,https://invisiblefriends.io/
Sappy Seals,https://www.sappyseals.io/
Psychedelics Anonymous Genesis,https://psychedelicsanonymous.com/
Aavegotchi,https://www.aavegotchi.com/
Kaiju kingz,https://kaijukingz.io/#/
Lazy Lions,https://www.lazylionsnft.com/
3Landers,https://3landersnft.com/#/
DEGEN TOONZ COLLECTION,https://degentoonz.io/
PhantaBear,https://ezek.io/
Hape prime,https://hapeprime.com/
Treeverse,https://www.treeverse.net/
Coolman's Universe,https://coolmansuniverse.com/
World of-women,https://worldofwomen.art/
Alien frens,https://www.alienfrens.io/
Deadfellaz,https://www.deadfellaz.io/
Akutars,https://www.aku.world/akuverse.html
MegaCryptoPolis,https://play.mcp3d.com/store/ethereum
RTFKT x Nike Dunk Genesis CRYPTOKICKS,https://mnlth.rtfkt.com/
GEN.ART,https://gen.art/
Llamaverse genesis,https://www.llamaverse.io/
Veefriends,https://veefriends.com/
Rumble kong-league,https://www.rumblekongleague.com/
Alien Worlds,https://alienworlds.io/
Topps mlb,https://toppsmlb.wdny.io/
Cool Pets NFT,https://www.coolcatsnft.com/
Forgotten Runes,https://www.forgottenrunes.com/
Karafuru,https://karafuru.io/
Metroverse,https://metroverse.com/
SHIBOSHIS,https://shiboshis.shibaswap.com/#/
OnChainMonkey,https://onchainmonkey.com/
10KTF,https://10ktf.com/
Decentral Games,https://decentral.games/
Sidus NFT Heroes,https://sidusheroes.com/heroes/
CryptoMories,https://cryptomories.iwwon.com/home
Galaxy Fight Club,https://galaxyfightclub.com/
The Doggies (Snoop Dogg),https://www.sandbox.game/en/snoopdogg/
Foundation,https://foundation.app/
Apocalyptic Apes,https://www.apocalypticapes.com/
Vox Collectibles,https://collectvox.com/
Blockchain Brawlers,https://www.bcbrawlers.com/
MoonCatRescue,https://mooncatrescue.com/
SupDucks,https://www.supducks.com/
MekaVerse,https://themekaverse.com/
Akumu Dragonz,https://akumudragonz.io/
Boss Beauties,https://bossbeauties.com/
CryptoDickbutts,https://www.cryptodickbutts.com/
Unseen Universe,https://the-art-of-progress.com/
Tubby cats by tubby collective,https://tubbycats.xyz/home
Crypto.Chicks,https://www.cryptochicks.app/
Lonely Alien Space Club,https://lonelyaliens.com/
Creature World NFT,https://www.creature.world/
Voxels,https://www.cryptovoxels.com/
LOSTPOETS,https://lostpoets.xyz/
The Uncanny Country Club,https://www.theuncanny.io/
Killer GF,https://killergf.com/
Ape Reunion,https://www.apereunion.xyz/#/
Capsule House,https://capsulehouse.io/
Robotos Official,https://www.robotos.art/
EightBit Me,https://www.eightbit.me/
Frontier Game,https://www.missingfrontier.com/
0n1 Force,https://www.0n1force.com/
Fragments By James Jean,https://jamesjean.outland.art/
Chain Runners NFT,https://www.chainrunners.xyz/
Voxies,https://www.voxies.io/
Timeless NFTs,https://www.treeverse.net/
Prime Ape Planet PAP,https://primeapeplanet.com/
Hashmasks,https://www.thehashmasks.com/
Waves Ducks,https://www.wavesducks.com/
PunkScapes,https://punkscape.xyz/
the littles NFT,https://thelittles.io/
You by BFF,https://www.mybff.com/
Stoner Cats,https://www.stonercats.com/
RTFKT Capsule Space Drip 1.2,https://www.rtfkt.com/
BearMarketBears,https://bearmarketbears.com/
Desperate ApeWives,https://desperateapewives.com/
Infinites AI,https://www.infinites.ai/
Dysto Apez Official,https://www.dystoapez.com/
Lil Pudgys,https://pudgypenguins.com/
Quantum Curated,https://quantum.art/
WonderPals,https://www.wonderpals.com/
Dolce&Gabbana: DGFamily Glass Box,https://drops.unxd.com/dgfamily/
LinksDAO,https://linksdao.io/
DentedFeelsNFT,https://www.dentedfeelsnft.com/
VeeCon Tickets,https://veecon.co/
Lives of Asuna,https://livesofasuna.com/
TheHeartProject,https://www.heartnfts.io/
DeRace Horses,https://derace.com/
PancakeSwap Squad,https://pancakeswap.finance/pancake-squad
Starcatchers,https://www.starcatchers.io/
Probably Nothing Genesis,https://probablynothing.io/
Somnium Space,https://www.somniumspace.com/
FoxFam,https://www.foxfam.io/
Slotie NFT,https://www.slotie.com/
The Lunartics,https://thelunartics.com/
GEVOLs,https://gevols.com/
The Goobers,https://www.goobers.net/
Wall St Bulls,https://wallstreetbulls.io/
Loot,https://www.lootproject.com/
Sipherian Surge,https://sipher.xyz/
MarsCatsVoyage,https://marscatsvoyage.com/
Sneaky Vampire Syndicate,https://svs.gg/
Bricktopians,https://bricktopians.com/
The CryptoDads,https://cryptodadsnft.com/
Women and Weapons,https://womenandweapons.io/
TIMEPiece Community,https://time.com/collection/timepieces-nft/
(B)APETAVERSE,https://bapetaverse.com/
ChainFaces Arena,https://chainfacesarena.com/
Genzee,https://www.genzeenft.com/
TiKi Bar,https://barefootparrots.com/
CryptoMutts,http://cryptomutts.io/
BitcoinBillionaires,https://billionaires.io/
CrazySkullzNFT,https://crazyskullz.com/
Swampverse,https://swamps.io/#/
Topps GPK,https://toppsgpk.io/
Genesis Bloodshed Bears,https://bloodshedbears.com/
KIWAMI Genesis,https://kiwami.app/
Etholvants,https://etholvants.com/
Exclusible Alpha,https://exclusible.com/
Wicked Craniums,https://www.wickedcranium.com/
The Humanoids,https://thehumanoids.co/
GEN.ART Drop Collection,https://gen.art/
CuriositiesNFT,https://www.curiositiesnft.com/
Cryptorastas,https://www.cryptorastas.com/
Video Game Dev Squad,https://koingames.io/
JPG PEOPLE by Debbie Tea,https://jpgpeople.club/
CreatureToadz,https://creaturetoadz.com/
The Wild Bunch Official,https://thewildbunch.io/
Akuma Origins,https://www.akumaorigins.com/
The Vogu Collective,https://www.thevogu.io/
KnightDoge,https://knightdoge.com/
GalacticApes,https://galacticapes.com/
CryptoKitties,https://www.cryptokitties.co/
SmallBrosNFT,https://smallbrosnft.io/
Boonji Project,https://www.boonjiproject.com/
Animetas,https://www.animetas.io/
Magic Mushroom Clubhouse,https://www.magicmushroomclubnft.com/
PancakeSwap,https://pancakeswap.finance/
Galaxy Eggs,https://www.galaxy-eggs.com/
Eponym by ART AI,https://art-ai.com/
Cyber Gorillas Official,https://cybergorillas.io/
Kumo x World Residents,https://kumoxworld.com/
Soldiers Of The Metaverse,https://www.metaarmy.io/
PEACEFUL GROUPIES V2,https://www.peacevoid.world/
Divine Anarchy,https://www.divineanarchy.com/
WomenRise,https://www.womenrise.art/
KCG,https://www.kittycryptogang.com/
Fang Gang,https://www.fanggang.io/
Sneaky Bat Syndicate,https://svs.gg/
Illuvium,https://www.illuvium.io/
Rare Land NFT,https://www.mlabs.land/
Superlative Secret Society,https://superlativesecretsociety.com/
JUNGLE FREAKS,https://junglefreaks.io/
Northern Guilds,https://northernguilds.com/
RRMAYC,https://rr-mayc.com/
Critterz Genesis,https://www.critterz.xyz/
Ape Kids Club (AKC),https://www.apekidsclub.io/
Nifty League DEGENs,https://niftyleague.com/
Metaverse Travel Agency Metahelmet,https://www.themta.io/
KOGs,https://kogs.gg/
Roaring Leaders,https://roaringleaders.io/
Avastars,https://avastars.io/
R-PLANET,https://rplanet.io/
Crypto Tech Women,https://www.cryptotechwomennft.com/
The Sevens (Official),https://thesevensofficial.com/
OG:Crystals,https://ogcrystals.com/
Party Degenerates,https://partydegenerates.com/
Metasaurs by Dr. DMT,https://www.metasaurs.com/
Gauntlets,https://bossdrops.io/
RugRadio Genesis NFT,https://www.rug.fm/
Top Dog Beach Club,https://topdogbeachclub.com/
REVV Racing,https://www.revvracing.com/
Farmers World,https://farmersworld.io/
The Yakuza Cats Society,https://yakuzacats.com/
KingFrogs,https://www.supducks.com/
Doge Pound Puppies,https://thedogepoundnft.com/
Crypto Hobos,https://cryptohobos.io/
CryptoZoo,https://cryptozoo.co/
Noundles,https://www.noundles.io/
Upland Collectibles,https://www.upland.me/uplandcards
Green Rabbit Game,https://www.greenrabbitgame.io/
Fast Food Frens Collection,https://fastfoodfren.com/
SpacePunksClub,https://www.spacepunks.club/#hero
2+2 Genesis,https://twoplustwo.club/
CryptoFoxes,https://www.cryptofoxes.io/
Society of Derivative Apes,https://sodativity.net/
Non-Fungible People,https://nfp.daz3d.com/
CyberBabies.io,https://cyberbabies.io/
Curious Addys' Trading,https://curiousaddys.com/
ETHEREALS WTF,https://ethereals.wtf/
Chill Frogs NFT,https://www.chillfrogs.io/home
The Official Surreals,https://surreals.io/
ZombieCats,https://www.zombiecats.io/
Koala Intelligence Agency,https://www.koalaintelligence.agency/
Web3 Name Service,https://wnsdomains.io/
Cyber Hornets Colony Club,https://www.cyberhornetscolony.com/
Borpacasso,https://www.borpa.art/
Omnimorphs V2,https://omnimorphs.com/
HOWLERZ,https://howlerz.io/
Riot Racers,https://app.riot.fun/
House Of Legends,https://www.houseoflegends.art/
THE REAL GOAT SOCIETY,https://goatsociety.io/
Bad Kids Alley Official,https://badkidsalley.com/
Cool Ape Club Official,https://coolape.club/
The Project URS,https://www.theprojecturs.com/
Holy Cows,https://www.holycows.com/
The Dreamers,https://bitlectrolabs.com/
Dirtybird Flight Club,https://dirtybirdrecords.com/
Spooky Boys Country Club,https://www.spookyboys.io/
The Beeings,https://thebeeings.io/
Loopy Donuts,https://loopydonuts.io/
SympathyForTheDevils,https://sympathyforthedevils.club/
The WynLambo,https://www.immadegen.com/
Bear Game NFT,https://www.beargame.io/
BoringStone Genesis,https://www.boringstone.com/
The Rogue Society,https://roguesociety.io/
Fly Frogs,https://flyfrogs.xyz/
2545 By Gr4y,https://2545.io/
FudFarm,https://www.fudfarm.io/
Bobo Degen Apocalypse,https://www.bobodegenapocalypse.com/
WAX Packs,https://on.wax.io/wax-io/
Evolved Apes Inc,https://www.evolvedapes.com/
Citadel Of The Machines,https://www.citadelofthemachines.com/
WeMint Washington,https://www.wemint.cash/
Weezer,https://weezer.rarez.io/
Blockchain Heroes,https://bcheroes.com/
The Horrors,https://www.ultrarare.uk/
Deadmau5 NFTs,https://deadmau5.rarez.io/
DAO Turtles,https://daoturtles.com/
AtariNFT,https://atarinft.io/
Dark Country,https://darkcountry.io/
Choadz,https://chunks.world/chunks
Fewmans,http://www.fewmans.com/
Feudalz,https://feudalz.io/
Chibi Apes,https://chibiapes.com/
Fatales,https://www.fatales.io/
Axolittles,https://www.axolittles.io/
Chain Saw,https://www.chainsaw.fun/
EvoSnails NFT,https://www.evosnails.com/
Euler Beats,https://eulerbeats.com/
Euler Beats,https://eulerbeats.com/
Avid Lines,https://avidlines.art/
Avarik Saga Universe,https://www.avariksaga.com/
Ember Sword,https://embersword.com/
Burnables NFT,https://burnablesnft.com/
Dragon Warrior Plus,https://app.dragonwarrior.io/
BroadcastersNFT,https://bcsnft.io/
Art Wars | AW,https://www.artwarsnft.com/
Artvatars,https://artvatars.com/
DinoBabies,https://www.dinobabies.io/
Akumu Dragonz,https://akumudragonz.io/
Akumu Dragonz,https://akumudragonz.io/
Akumu Dragonz,https://akumudragonz.io/
dGenesis dGen Automatons,https://www.dgenesis.io/
Degens Farm,https://degens.farm/
Deep Space Explorer,https://deepspace-ce530.web.app/
Decentraland,https://market.decentraland.org/
Deafbeef V2,https://www.deafbeef.com/
Arcadenft,https://arcadenfts.com/
ArcadeNFT,https://arcadenfts.com/
Dark Horizon,https://www.darkhorizon.io/#mission
KinesisArt,https://kinesis.art/
Blockchain Miners Club Official,https://www.blockchainminers.club/
Blockchain Miners Club Official,https://www.blockchainminers.club/
Jadu Jetpack,https://jadu.ar/jetpacks
Blockchain Bikers,https://bikersnft.com/
Land DAO Genesis,https://landdao.io/
Blockchain Bikers,https://bikersnft.com/
Blockchain Bikers,https://bikersnft.com/
lobsterdao,https://github.com/lobster-dao/overview
Blitmap,https://www.blitmap.com/
Quadrums,https://www.quadrums.art/
Raini: The Lords Of Light,https://www.raini.io/
Rebel Seals Club,https://www.rebelseals.com/
Revenants by Alethea AI,https://alethea.ai/
Rings Genesis,https://www.ringsgenesis.com/
Role for Metaverse,https://roleformetaverse.vercel.app/#/
Samot Club,https://samot.club/
Savage Droids SD888,https://www.savagedroids.com/
Schroot,https://schroot.io/
Settlements,https://thesettlements.world/
William Shatner,https://shatner.wdny.io/
Sonar Moji,https://moji.sonar.app/
Sora's DreamworId,https://sorasdreamworld.io/
Space Capsules,https://messagetomartians.com/
Spirit Orb Pets v0,https://www.spiritorbpets.com/
Spooky Boys Mansion Party,https://www.spookyboys.io/
Shiba Social Club,https://shibasocialclub.com/
StackedToadz,https://www.stackedtoadz.com/
Substrata,https://substrata.info/
-SUBTRACTION-,https://subtraction.gallery/
SUPERPLASTIC: SUPERGUCCI,https://superplastic.co/pages/gucci-supergucci
The Adventurer's Guild,https://theadventurersguild.io/
The Evolving Forest,https://evolvingforest.io/
The Glitches NFT,https://theglitches.art/
Lonely Frog Lambo Club,https://www.lonelyfroglamboclub.com/
The Mike Tyson NFT Collection,https://nfttyson.com/
The Moon Boyz,https://www.moon-boyz.com/
ThorGuards,https://www.thorguards.com/
Tom Sachs Rocket Factory,https://www.tomsachsrocketfactory.com/
Tom Sachs: ROCKET FACTORY PATCHES,https://www.tomsachsrocketfactory.com/
Transponders,https://messagetomartians.com/
TribesOfOgun,https://www.tribesofogun.io/
Two Bit Bears,https://www.twobitbears.com/
United Metaverse Nation,https://united-metaverse-nation.org/
uunicorns,https://uunicorns.io/
WhattyClub,https://www.whatty.club/
Winter Bears,https://www.winterbearsnft.com/
Wizards & Dragons Game,https://wnd.game/
Wonky Stonks,https://www.ledgart.io/
Wooshi World Collection,https://wooshi.world/
Wrapped PixelMap,https://pixelmap.io/
Yolo Dice,https://www.yolodice.xyz/
Yung Ape Squad Official,https://yungapesquad.com/cgi-sys/suspendedpage.cgi
Z-Huge by MountVitruvius,https://www.mountvitruvius.art/
0xmons,https://0xmons.xyz/#/
Adventure Cards,https://0xadventures.com/
Aether,https://www.aethercity.org/
Afro Droids,https://www.afrodroids.io/
AFTERORDER,https://www.afterorder.io/
Angry Apes United,https://www.angryapesunited.com/
Angry Boars,https://www.angryboars.com/
Animal Coloring Book,https://generative-transfer-art.vercel.app/
AnRKey X,https://anrkeyx.io/
APE DAO REMIX!,https://www.remixclub.io/
ArcadeNFT,https://arcadenfts.com/
ArcadeNFT,https://arcadenfts.com/
Artvatars,https://artvatars.com/
Art Wars | AW,https://www.artwarsnft.com/
Avarik Saga Universe,https://www.avariksaga.com/
Avid Lines,https://avidlines.art/
Axolittles,https://www.axolittles.io/
Bad Bunnies NFT,https://badbunniesnft.com/
BasementDwellers V2,https://basementdwellersnft.com/
Bitcoin Origins,https://www.btcorigins.com/
Bit Monsters V2,https://bitmonsters.io/
Blitmap,https://www.blitmap.com/
Blockchain Bikers,https://bikersnft.com/
Blockchain Miners Club Official,https://www.blockchainminers.club/
BroadcastersNFT,https://bcsnft.io/
Burnables NFT,https://burnablesnft.com/
Chain Saw,https://www.chainsaw.fun/
Chibi Apes,https://chibiapes.com/
Choadz,https://chunks.world/chunks
Akumu Dragonz,https://akumudragonz.io/
CryptoCats,https://cryptocats.thetwentysix.io/
Crypto Gem Alliance,https://cryptogemalliance.com/
CryptoHoots Steampunk Parliament,https://cryptohoots.com/
CryptoPolz,https://cryptopolz.com/
Crypto Punks 2,https://cryptopunks2.com/
CryptoZombiez NFT,https://cryptozombiez.io/
Cupcats Official,https://catsinthecups.com/
Dark Horizon,https://www.darkhorizon.io/#mission
Deafbeef V2,https://www.deafbeef.com/
Decentraland,https://market.decentraland.org/
Deep Space Explorer,https://deepspace-ce530.web.app/
Degens Farm,https://degens.farm/
dGenesis dGen Automatons,https://www.dgenesis.io/
Akumu Dragonz,https://akumudragonz.io/
Akumu Dragonz,https://akumudragonz.io/
Akumu Dragonz,https://akumudragonz.io/
DinoBabies,https://www.dinobabies.io/
Dragon Warrior Plus,https://app.dragonwarrior.io/
Ember Sword,https://embersword.com/
Euler Beats,https://eulerbeats.com/
Euler Beats,https://eulerbeats.com/
EvoSnails NFT,https://www.evosnails.com/
Fatales,https://www.fatales.io/
Feudalz,https://feudalz.io/
Fewmans,http://www.fewmans.com/
Fox Game Official,https://fox.game/
FusionApes,https://www.fusionapes.com/
Gambling Apes Official,https://gamblingapes.com/
GenHall,https://genhall.io/
GenX by HOK,https://www.genzeroes.com/
GOOP TROOP,https://ipfs.io/ipfs/QmNmvz49bpCqSMRqjciZp4XiTi8tw2Cj3LGN4QFwoxwX8W/
GoPepe,https://gopepe.io/
Gutter Cat Gang,https://guttercatgang.com/
Hashes,https://thehashes.xyz/
HeadDAO,https://headdao.com/
HeroCatGamefi,https://www.herocat.io/register/P228994
HodlGod,https://hodlgod.com/
Hor1zon troopers,https://www.hor1zonproject.com/
House of Goblins,https://hogs.gg/
IKB Cachet de Garantie,https://chan.gallery/
Impermanent Digital,https://impermanent.digital/
Incognito,https://incognitonft.com/
INFAMOUSSKULLZ,https://www.infamousskullz.com/
Jadu Jetpack,https://jadu.ar/jetpacks
JPEG Cards,https://jpegd.io/
CyberKongz,https://www.cyberkongz.com/
Decentraland,https://market.decentraland.org/
NBA TopShot,https://nbatopshot.com/
VeeFriends Series 2,https://series2.veefriends.com/
Wolf Game,https://www.wolf.game/
ASM AIFA Genesis,https://aifa.football/
Project NANOPASS,https://www.nanopass.io/
Ragnarok,https://ragnarok.xyz/
NFT Worlds,https://www.nftworlds.com/
Worldwide Webb Land,https://webb.game/
Habbo Avatars,https://nft.habbo.com/
SolanaMonkeyBusiness,https://solanamonkey.business/
CatBlox Genesis Collection,https://www.catblox.xyz/
Arcade Land,https://arcade.inc/
MURI by Haus,https://www.muri.soy/
Akumu Dragonz,https://akumudragonz.io/
Poolsuite - Executive Member,https://poolsuite.net/
Impact Theory Founder's Key,https://founderskey.io/#/
Claylings,https://claylings.io/
Decentraland,https://market.decentraland.org/
Knights of Degen,https://www.knightsofdegen.io/
Dapper Dinos,https://www.dapperdinos.com/
OctoHedz Reloaded,https://octohedz.com/
Generative Masks,https://generativemasks.io/
SPunks,https://www.shitpunks.com/
MUTANT PUNKS CITY,https://mutantpunkscity.com/
Winter Bears,https://www.winterbearsnft.com/
Saconi Holmovimiento,https://saconigenerative.com/
SameToadz,https://www.sametoadz.com/
